clade,gene,site,amino acid
21L (Omicron BA.2),S,331,N
21L (Omicron BA.2),S,332,I
21L (Omicron BA.2),S,333,T
21L (Omicron BA.2),S,334,N
21L (Omicron BA.2),S,335,L
21L (Omicron BA.2),S,336,C
21L (Omicron BA.2),S,337,P
21L (Omicron BA.2),S,338,F
21L (Omicron BA.2),S,339,D
21L (Omicron BA.2),S,340,E
21L (Omicron BA.2),S,341,V
21L (Omicron BA.2),S,342,F
21L (Omicron BA.2),S,343,N
21L (Omicron BA.2),S,344,A
21L (Omicron BA.2),S,345,T
21L (Omicron BA.2),S,346,R
21L (Omicron BA.2),S,347,F
21L (Omicron BA.2),S,348,A
21L (Omicron BA.2),S,349,S
21L (Omicron BA.2),S,350,V
21L (Omicron BA.2),S,351,Y
21L (Omicron BA.2),S,352,A
21L (Omicron BA.2),S,353,W
21L (Omicron BA.2),S,354,N
21L (Omicron BA.2),S,355,R
21L (Omicron BA.2),S,356,K
21L (Omicron BA.2),S,357,R
21L (Omicron BA.2),S,358,I
21L (Omicron BA.2),S,359,S
21L (Omicron BA.2),S,360,N
21L (Omicron BA.2),S,361,C
21L (Omicron BA.2),S,362,V
21L (Omicron BA.2),S,363,A
21L (Omicron BA.2),S,364,D
21L (Omicron BA.2),S,365,Y
21L (Omicron BA.2),S,366,S
21L (Omicron BA.2),S,367,V
21L (Omicron BA.2),S,368,L
21L (Omicron BA.2),S,369,Y
21L (Omicron BA.2),S,370,N
21L (Omicron BA.2),S,371,F
21L (Omicron BA.2),S,372,A
21L (Omicron BA.2),S,373,P
21L (Omicron BA.2),S,374,F
21L (Omicron BA.2),S,375,F
21L (Omicron BA.2),S,376,A
21L (Omicron BA.2),S,377,F
21L (Omicron BA.2),S,378,K
21L (Omicron BA.2),S,379,C
21L (Omicron BA.2),S,380,Y
21L (Omicron BA.2),S,381,G
21L (Omicron BA.2),S,382,V
21L (Omicron BA.2),S,383,S
21L (Omicron BA.2),S,384,P
21L (Omicron BA.2),S,385,T
21L (Omicron BA.2),S,386,K
21L (Omicron BA.2),S,387,L
21L (Omicron BA.2),S,388,N
21L (Omicron BA.2),S,389,D
21L (Omicron BA.2),S,390,L
21L (Omicron BA.2),S,391,C
21L (Omicron BA.2),S,392,F
21L (Omicron BA.2),S,393,T
21L (Omicron BA.2),S,394,N
21L (Omicron BA.2),S,395,V
21L (Omicron BA.2),S,396,Y
21L (Omicron BA.2),S,397,A
21L (Omicron BA.2),S,398,D
21L (Omicron BA.2),S,399,S
21L (Omicron BA.2),S,400,F
21L (Omicron BA.2),S,401,V
21L (Omicron BA.2),S,402,I
21L (Omicron BA.2),S,403,R
21L (Omicron BA.2),S,404,G
21L (Omicron BA.2),S,405,N
21L (Omicron BA.2),S,406,E
21L (Omicron BA.2),S,407,V
21L (Omicron BA.2),S,408,S
21L (Omicron BA.2),S,409,Q
21L (Omicron BA.2),S,410,I
21L (Omicron BA.2),S,411,A
21L (Omicron BA.2),S,412,P
21L (Omicron BA.2),S,413,G
21L (Omicron BA.2),S,414,Q
21L (Omicron BA.2),S,415,T
21L (Omicron BA.2),S,416,G
21L (Omicron BA.2),S,417,N
21L (Omicron BA.2),S,418,I
21L (Omicron BA.2),S,419,A
21L (Omicron BA.2),S,420,D
21L (Omicron BA.2),S,421,Y
21L (Omicron BA.2),S,422,N
21L (Omicron BA.2),S,423,Y
21L (Omicron BA.2),S,424,K
21L (Omicron BA.2),S,425,L
21L (Omicron BA.2),S,426,P
21L (Omicron BA.2),S,427,D
21L (Omicron BA.2),S,428,D
21L (Omicron BA.2),S,429,F
21L (Omicron BA.2),S,430,T
21L (Omicron BA.2),S,431,G
21L (Omicron BA.2),S,432,C
21L (Omicron BA.2),S,433,V
21L (Omicron BA.2),S,434,I
21L (Omicron BA.2),S,435,A
21L (Omicron BA.2),S,436,W
21L (Omicron BA.2),S,437,N
21L (Omicron BA.2),S,438,S
21L (Omicron BA.2),S,439,N
21L (Omicron BA.2),S,440,K
21L (Omicron BA.2),S,441,L
21L (Omicron BA.2),S,442,D
21L (Omicron BA.2),S,443,S
21L (Omicron BA.2),S,444,K
21L (Omicron BA.2),S,445,V
21L (Omicron BA.2),S,446,G
21L (Omicron BA.2),S,447,G
21L (Omicron BA.2),S,448,N
21L (Omicron BA.2),S,449,Y
21L (Omicron BA.2),S,450,N
21L (Omicron BA.2),S,451,Y
21L (Omicron BA.2),S,452,L
21L (Omicron BA.2),S,453,Y
21L (Omicron BA.2),S,454,R
21L (Omicron BA.2),S,455,L
21L (Omicron BA.2),S,456,F
21L (Omicron BA.2),S,457,R
21L (Omicron BA.2),S,458,K
21L (Omicron BA.2),S,459,S
21L (Omicron BA.2),S,460,N
21L (Omicron BA.2),S,461,L
21L (Omicron BA.2),S,462,K
21L (Omicron BA.2),S,463,P
21L (Omicron BA.2),S,464,F
21L (Omicron BA.2),S,465,E
21L (Omicron BA.2),S,466,R
21L (Omicron BA.2),S,467,D
21L (Omicron BA.2),S,468,I
21L (Omicron BA.2),S,469,S
21L (Omicron BA.2),S,470,T
21L (Omicron BA.2),S,471,E
21L (Omicron BA.2),S,472,I
21L (Omicron BA.2),S,473,Y
21L (Omicron BA.2),S,474,Q
21L (Omicron BA.2),S,475,A
21L (Omicron BA.2),S,476,G
21L (Omicron BA.2),S,477,N
21L (Omicron BA.2),S,478,K
21L (Omicron BA.2),S,479,P
21L (Omicron BA.2),S,480,C
21L (Omicron BA.2),S,481,N
21L (Omicron BA.2),S,482,G
21L (Omicron BA.2),S,483,V
21L (Omicron BA.2),S,484,A
21L (Omicron BA.2),S,485,G
21L (Omicron BA.2),S,486,F
21L (Omicron BA.2),S,487,N
21L (Omicron BA.2),S,488,C
21L (Omicron BA.2),S,489,Y
21L (Omicron BA.2),S,490,F
21L (Omicron BA.2),S,491,P
21L (Omicron BA.2),S,492,L
21L (Omicron BA.2),S,493,R
21L (Omicron BA.2),S,494,S
21L (Omicron BA.2),S,495,Y
21L (Omicron BA.2),S,496,G
21L (Omicron BA.2),S,497,F
21L (Omicron BA.2),S,498,R
21L (Omicron BA.2),S,499,P
21L (Omicron BA.2),S,500,T
21L (Omicron BA.2),S,501,Y
21L (Omicron BA.2),S,502,G
21L (Omicron BA.2),S,503,V
21L (Omicron BA.2),S,504,G
21L (Omicron BA.2),S,505,H
21L (Omicron BA.2),S,506,Q
21L (Omicron BA.2),S,507,P
21L (Omicron BA.2),S,508,Y
21L (Omicron BA.2),S,509,R
21L (Omicron BA.2),S,510,V
21L (Omicron BA.2),S,511,V
21L (Omicron BA.2),S,512,V
21L (Omicron BA.2),S,513,L
21L (Omicron BA.2),S,514,S
21L (Omicron BA.2),S,515,F
21L (Omicron BA.2),S,516,E
21L (Omicron BA.2),S,517,L
21L (Omicron BA.2),S,518,L
21L (Omicron BA.2),S,519,H
21L (Omicron BA.2),S,520,A
21L (Omicron BA.2),S,521,P
21L (Omicron BA.2),S,522,A
21L (Omicron BA.2),S,523,T
21L (Omicron BA.2),S,524,V
